Workbook

Sheet ApplicationSecurityv1
A1: Appsec Category | B1: Appsec Maturity Stage | C1: Assessment Item | D1: Project Assessed Score (To be filled by the project team) | E1: Comments | F1: Description (What this question Actually Means) | G1: Examples / Evidence for teams to reference | H1: Not Started [0] – Scoring Criteria | I1: Partially Implemented [1] – Scoring Criteria | J1: Consistently Implemented [2] – Scoring Criteria | K1: Embedded & Measured [3] – Scoring Criteria
A2: Security Requirements, Architecture & Design | B2: Preventative | C2: Are security architecture patterns (e.g., Zero Trust, Least Privilege, Defence‑in‑Depth) defined, enforced, and validated — including in Infrastructure‑as‑Code (IaC) and cloud configuration (IAM, network)? | D2: Embedded & Measured [3] | F2: This question assesses whether the organisation has formally defined security architecture patterns — Zero Trust (never trust, always verify), Least Privilege (minimum access required), and Defence‑in‑Depth (multiple independent layers) — and whether these are enforced in designs AND operationalised in IaC and cloud configuration: scoped IAM roles (no wildcards), no unnecessary public exposure, network segmentation, identity‑based access, and enforcement through policy‑as‑code and CSPM. | G2: Reference architectures, zero‑trust network diagrams, segmentation policies, Architecture Decision Record (ADR) citing security patterns; Least‑privilege IAM policies (no wildcard '*'), no public/0.0.0.0/0 exposure, network segmentation/private endpoints, IaC policy‑as‑code (e.g., OPA/Sentinel) gates, CSPM findings for excessive permissions. | H2: No security architecture patterns are defined. Architectural decisions are ad hoc. Networks are flat with implicit trust. No reference architecture exists. ZTA and least privilege are not applied to IaC or cloud. IAM permissions are broad or use wildcards. Resources may be publicly exposed. No IaC policy enforcement or CSPM validation. | I2: Some patterns are documented but enforcement is inconsistent. Certain teams apply them while others do not. Patterns may be aspirational with significant deviation in deployments. Some least‑privilege practices exist in parts of the estate, but over‑broad IAM roles and public exposures still occur. IaC policy checks and CSPM may exist but are not consistently applied. Configuration drift is not reliably caught. | J2: Security architecture patterns are formally defined, documented, and consistently applied across new designs. Architecture reviews verify adherence. Deviations require documented justification. Least privilege and zero‑trust are consistently applied in IaC and cloud configuration: scoped IAM, no unnecessary public exposure, network segmentation. IaC policy‑as‑code and/or CSPM validate configurations, and violations are remediated through a defined process. | K2: Pattern adherence is measured and enforced through automated controls (policy‑as‑code, network policy validation, IaC guardrails). Architecture conformance is tracked and reported to governance. ZTA and PoLP are enforced automatically as deployment gates and continuously validated by CSPM, with automated detection and remediation of excessive permissions, public exposure, and drift. Posture metrics are measured, reported, and driven down over time.
A3: Security Requirements, Architecture & Design | B3: Preventative | C3: Is threat modelling performed and are security reviews mandated for significant design or feature changes? | D3: Not Applicable | F3: This question assesses whether threat modelling — a structured process of identifying who might attack a system, what assets they would target, what attack paths they would use, and what mitigations are needed (using methods such as STRIDE, Attack Trees, or PASTA) — is conducted for significant new features and architectural decisions, AND whether a formal security review with explicit sign-off is mandated as part of the design approval gate. | G3: Threat models, data flow diagrams, attack trees, or STRIDE (Spoofing, Tampering, Repudiation, Information Disclosure, DoS, Elevation) outputs attached to designs; Design review checklist includes security sign‑off; Security review records linked to design artefacts. | H3: No threat modelling is performed. Security implications of design decisions are not systematically considered. No security design reviews exist. Designs are approved based on functionality, performance, and feasibility alone. Security is first considered during implementation or pre-release testing — when significant rework may be required. | I3: Threat modelling occurs occasionally — typically for explicitly flagged high-profile initiatives, but not consistently. Models may be informal whiteboard discussions with no documented output. Security design reviews are ad hoc, dependent on individual initiative, and not documented as a formal gate. Outcomes are not consistently recorded. | J3: Threat modelling is a standard, documented part of the design process for all significant feature changes or architectural work. A defined method is used consistently. Outputs (threat model documents, data flow diagrams, risk item lists) are captured. Security design reviews are mandated and explicitly documented as a gate. All significant designs require security sign-off before implementation begins. Review outcomes are recorded and linked to design artefacts. | K3: Threat model coverage and quality are actively tracked. All significant design changes have associated threat models completed before implementation. Models are updated as designs evolve. Threat model findings directly feed into the security backlog, risk register, and test plans. Design review effectiveness is measured: security issues caught at design stage vs. implementation vs. testing are tracked. Review findings are linked to downstream outcomes and used to improve design standards.
A4: Security Requirements, Architecture & Design | B4: Preventative | C4: Are security NFRs defined and tracked in development artefacts? | D4: Partially Implemented [1] | F4: Security Non-Functional Requirements (NFRs) define the security properties a feature, component, or system must satisfy — for example: all API endpoints must require authentication; all data at rest must be encrypted with AES-256; session tokens must expire after 15 minutes of inactivity; all user input must be validated server-side. This question asks whether these are documented in stories, epics, designs, or Definition of Done artefacts and whether developers and testers actively reference them. | G4: Security NFRs in stories, DoD (Definition of Done), design docs. | H4: No security NFRs exist in any development artefact. Security expectations are implicit, unarticulated, or assumed to be 'common sense.' Development stories, epics, and acceptance criteria contain no security requirements. Developers do not know what security properties the software is expected to deliver. | I4: Some security NFRs exist for specific high-priority features but coverage is inconsistent. NFRs may exist at a programme or architecture level but are not decomposed into team-level stories or acceptance criteria. Most developers do not routinely reference or test against security NFRs. | J4: Security NFRs are defined for all significant development artefacts. They are embedded in the Definition of Done, story templates, and design documents. Teams reference NFRs during development and include NFR validation in testing. NFR compliance is verified at sprint review or release acceptance. | K4: Security NFR coverage is tracked and reported. NFRs are derived from threat models and risk assessments, creating a traceable link from risk to requirement. Compliance is verified through automated testing and code review. NFR violations are tracked as defects. The NFR library is actively maintained and updated as the threat landscape and architecture evolve.
A5: Secure Development & Coding Practices | B5: Preventative | C5: Are secure coding practices formally defined, adopted, and verified through security-focused code reviews? | D5: Embedded & Measured [3] | F5: This question assesses whether the organisation has documented secure coding standards (OWASP Top 10 guidance, language-specific security patterns) that are formally adopted, AND whether code reviews explicitly include security as a review dimension — covering input validation, authentication/authorisation correctness, sensitive data handling, secure cryptography use, and adherence to coding standards. | G5: Secure coding standards with OWASP mapping, references in DoD; PR templates include security checklist (input validation, auth/authz, sensitive data handling, cryptography, error handling); code review records showing security sign-off. | H5: No documented secure coding standards exist. Security decisions are left to individual judgment. Code reviews have no security component — security is not mentioned in PR templates, checklists, or reviewer expectations. | I5: Some secure coding guidance exists but is not formally adopted or embedded. Some reviewers consider security informally, but it is not a formal checklist item. Security review quality varies widely between individuals and depends on personal knowledge. | J5: Secure coding standards are formally documented, approved, and adopted. Standards are embedded in DoD and onboarding. All PRs reference a security checklist. Reviewers evaluate security as part of standard review. Security findings from code review are tracked and resolved. | K5: Standards are kept current with evolving threats. Adoption is measured through code review audits. Security review effectiveness is tracked: issues caught in review vs. scanning vs. production. Patterns in review findings improve coding standards and training.
A6: Secure Development & Coding Practices | B6: Preventative | C6: Are teams aware of and testing for scanner-invisible vulnerability classes (IDOR, race conditions, logic flaws), and is test code itself held to security standards? | D6: Not Started [0] | F6: This question assesses whether teams understand vulnerability classes scanners cannot catch (IDOR, broken access control, race conditions, business-logic abuse, logic bombs) and actively design tests and code-review checks to find them — AND whether test code (unit, integration, fixtures) is held to security standards: free of hardcoded secrets, using synthetic data, not disabling security controls, and included in security scanning. | G6: Training on OWASP business-logic/access-control flaws, manual/abuse-case tests for IDOR and race conditions, threat-model entries for logic abuse; Test code scanned by SAST/secret scanning, no real credentials in tests, test fixtures using synthetic/masked data, no disabling of TLS/auth in committed tests. | H6: Teams have no awareness of logic-flaw vulnerability classes. Testing relies entirely on automated scanners. Test code is not considered from a security perspective — excluded from scanning, with hardcoded credentials and disabled security controls common. | I6: Some individuals are aware and occasionally test for logic flaws, but inconsistently. Some teams keep tests clean, but practice is inconsistent. Test code may be partially scanned. Real credentials or production data still appear in some tests. | J6: Awareness of logic-flaw classes is established across teams. IDOR, race conditions, and business-logic abuse cases are included in test design and code-review checklists. Test code is held to defined security standards: included in scanning, free of hardcoded credentials, using synthetic data. | K6: Logic flaw detection is driven by threat modelling and abuse-case libraries, reinforced by targeted penetration testing. Test code security is enforced automatically (secret scanning covers tests, policy blocks insecure patterns). Compliance is measured and findings tracked.
A7: Secure Development & Coding Practices | B7: Reactive | C7: Automation (e.g., Copilot or equivalent) is used to assist with security fixes. And properly guardrailed with the best security practices. | D7: Partially Implemented [1] | F7: This question assesses whether the team uses AI-powered tooling (such as GitHub Copilot Autofix, Snyk DeepCode Fix, or equivalent) to automatically suggest or generate fixes for identified security vulnerabilities — rather than relying entirely on manual developer effort to research and implement remediations. It is an advanced practice building on baseline scanning and triage capabilities. | G7: AI‑generated fix suggestions, PRs with assisted remediation. | H7: No AI or automated fix assistance is in use. All remediation is manual. Developers must independently research, understand, and implement fixes for every finding, which creates a significant time and skill burden. | I7: Some developers use AI tools informally (e.g., ad hoc use of a code assistant for security questions) but there is no standardised tooling, process, or integration for AI-assisted remediation. Usage is inconsistent and unmeasured. | J7: AI-assisted fix tooling is available, standardised, and integrated into the development workflow (e.g., IDE-level or pipeline-level fix suggestions). Developers are trained on how to use it effectively for security remediations. Adoption is tracked. | K7: AI-assisted remediation metrics are tracked: percentage of fixes with AI assistance, time-to-fix comparison (with vs. without AI), and developer adoption rate. AI-assisted Agents used for active fixes in PRs and commits (Irrespective of it's generation: by AI / Human). Tool quality is regularly evaluated — AI-suggested fixes are reviewed for security correctness. Tooling is updated as better models become available.
A8: Security Testing, CI/CD Pipeline & Vulnerability Detection | B8: Proactive | C8: Are security scanning tools (SAST, SCA, container, IaC) deployed and integrated in developer environments? | D8: Not Started [0] | F8: This question assesses whether the team has deployed automated security scanning tools — SAST (source code analysis), SCA (third-party library vulnerabilities), container image scanning, and IaC scanning — AND whether these tools provide developers with real-time or near-real-time feedback during active development, enabling them to identify and fix issues before code progresses further in the delivery process. | G8: Security scanning tools integrated into developer environments (e.g., Snyk, SonarLint, CodeQL, Semgrep); developers receive immediate feedback on vulnerabilities while writing code; scanning covers source code, third-party libraries, container images, and infrastructure definitions. Evidence: tool list, developer environment configurations, scan coverage reports. | H8: No security scanning tools are deployed for developers. Vulnerabilities are only discovered ad hoc, through manual review, or late in the delivery process. Developers have no visibility into security issues while actively coding. | I8: Some tools exist (e.g., one SAST tool) but coverage is incomplete. Some developers have access to security scanning tools, but adoption is inconsistent. Tools are not mandated, standardised, or documented. Usage depends on individual initiative. Not all code, dependencies, or infrastructure definitions are scanned. | J8: Security tools covering source code, dependencies, containers, and IaC are deployed and available to all developers. Tools are standardised, documented, and adopted across all development teams. Developers receive timely feedback on security issues during active development. Configuration and usage are guided through onboarding materials. Coverage is documented. | K8: Full toolchain coverage is in place and continuously optimised. Developer adoption is actively measured: percentage of developers using security tools, feedback response times, and the ratio of issues caught during development vs. later stages. Tool effectiveness (detection rates, false-positive rates) is measured. Results feed into security dashboards.
A9: Security Testing, CI/CD Pipeline & Vulnerability Detection | B9: Proactive | C9: Are security scans (SAST, SCA, container, IaC, CSPM) triggered automatically in CI pipelines, with enforced security gates on critical/high findings, and are findings clearly actionable for developers? | D9: Embedded & Measured [3] | F9: This question assesses three integrated CI/CD security capabilities: (1) Automated scanning — whether SAST, SCA, container, IaC, and CSPM tools are triggered automatically in CI pipelines on every PR/commit/build without manual initiation; (2) Enforced gates — whether pipelines have break-build or block-merge rules preventing code promotion when critical/high findings are detected, with bypasses requiring documented justification; and (3) Actionable findings — whether findings include enough context (descriptions, severity, file/line locations, remediation guidance, AI-assisted fixes) for developers to understand and resolve issues efficiently. | G9: SAST, SCA, container image scanning, IaC scanning, CSPM integrated with CI/CD; pipelines run scans on PR/merge/build (e.g., Semgrep, Snyk in workflows); builds fail on severity thresholds with documented gate criteria; tool feedback links to fix guidance, code locations, AI-assisted remediation. Evidence: pipeline YAML, logs showing scan execution, failed pipeline runs for gate violations, remediation guidance quality. | H9: No security scanning tools are deployed or integrated with CI. Security scans are run manually or not at all. No gates exist — findings are informational only and builds succeed regardless of scan results. Developers can promote code with known critical vulnerabilities. Findings are raw tool output with minimal context — developers cannot easily interpret or act on them. | I9: Some tools exist but coverage is incomplete across pipelines/projects. Scans may run on some events but not uniformly. Gates exist in some pipelines or for some severity levels but coverage is inconsistent — gates may be regularly bypassed without documented process. Some findings include descriptions or CVE/OWASP references but guidance is inconsistent and developer experience varies widely. | J9: Security tools covering code, dependencies, containers, IaC, and cloud resources are deployed and automatically triggered on all PRs/merges across all projects. Security gates are consistently enforced for critical/high findings — bypasses require documented justification and explicit approval. All findings include clear descriptions, severity ratings, affected location (file, line), and remediation guidance. Developers can action most findings without consulting a security specialist. | K9: Full toolchain coverage is in place with pipeline scan coverage tracked and enforced as a platform standard. No pipeline can be deployed without scan integration. Tool effectiveness is measured (detection rates, false-positive rates). Gate effectiveness is measured: override rates, bypass reasons, and severity trends are tracked and reported. Findings are enriched with AI-assisted remediation suggestions. Developer feedback on finding quality is collected to tune tools. Time-to-remediation is tracked per finding type.
A10: Security Testing, CI/CD Pipeline & Vulnerability Detection | B10: Reactive | C10: Is source code continuously scanned to detect and prevent credential / secret leaks (e.g., secret scanning and push protection such as GitHub Advanced Security), with zero unresolved leaks? | D10: Embedded & Measured [3] | F10: This question assesses whether the organisation uses automated secret scanning across its source repositories to detect committed credentials and secrets, ideally combined with push protection that blocks secrets from being committed in the first place (for example via GitHub Advanced Security or an equivalent), whether detected leaks are remediated (revoked and rotated, not just deleted), and whether the goal of zero unresolved credential leaks is tracked and met. It is a detective/preventive control complementing the runtime secrets‑management posture in Q24. | G10: Secret scanning enabled across all repos (e.g., GHAS secret scanning), push protection blocking secret commits, historical‑secret remediation records, alerts triaged to zero open, automatic credential revocation/rotation on detected leak. | H10: No secret scanning is in place. Credentials committed to source are not detected. There is no push protection. Leaked secrets remain in repositories and history indefinitely, unrevoked and unrotated. The organisation has no visibility into committed‑secret exposure. | I10: Secret scanning is enabled on some repositories but not all. Push protection may be absent or not enforced. Detected leaks are handled inconsistently — sometimes deleted but not revoked/rotated. There is a backlog of unresolved secret‑scanning alerts and no clear path to zero. | J10: Secret scanning is enabled across all repositories with push protection enforced to block new secret commits. Detected secrets are revoked and rotated through a defined process, and historical leaks are remediated. Open secret‑leak alerts are actively driven down toward zero. | K10: Secret scanning and push protection are universal and enforced, with automated revocation/rotation workflows on detection and validity checks on found secrets. Time‑to‑remediate and open‑leak counts are measured and reported, with a sustained zero (or near‑zero) unresolved leaks. Trends feed governance, and recurring leak sources drive process and training improvements.
A11: Deployed Assets Vulnerability Management & Remediation | B11: Reactive | C11: Are vulnerabilities triaged with clear ownership and SLAs, third-party dependencies sourced from trusted repositories, and risks evaluated beyond CVEs (licence, project viability)? | D11: Consistently Implemented [2] | F11: This question assesses whether: (1) a structured triage process assigns ownership to development/platform teams with severity-based SLAs; (2) production environments are continuously monitored for vulnerabilities; (3) risk-based prioritisation (CVSS, EPSS, CISA KEV) determines remediation order; (4) dependency sources are restricted to approved/trusted registries; and (5) dependency risks beyond CVEs are evaluated — including licence compliance, maintainer activity, and project health — before adoption and ongoing. | G11: Tickets with owner, severity, SLA in team backlog; Severity→SLA mapping (Critical: 24hrs, High: 7 days) using CVSS, EPSS, CISA KEV; Runtime scanning, container re-scans, CSPM; Approved registries only (internal mirrors, policy-enforced npm/Maven/NuGet); Dependency risk reports covering licence, maintainer activity, project health. Evidence: triage records, ownership matrix, SLA policy, repository policies, dependency risk assessments. | H11: No formal triage process. Vulnerabilities not tracked or assigned. No ownership model — security team is bottleneck. No SLA mapping or prioritisation framework. Developers pull dependencies from any public source with no registry restrictions. Dependency risk evaluation limited to CVE scanning only. | I11: Triage happens inconsistently. Ownership unclear for some systems. SLAs exist but not consistently enforced. Prioritisation informal. Some guidance on approved dependency sources but not enforced. Ad-hoc licence checks occur occasionally. Maintainer and project health considered sometimes but not systematically. | J11: All vulnerabilities triaged with severity ratings and named owners. Formal SLA mapping applied consistently. Exploitability context factored into prioritisation. Continuous monitoring covers production systems. Dependency sources restricted to approved registries with enforcement. Licence compliance systematically checked. Dependency risk reviews include maintainer activity and project health for critical dependencies. | K11: Triage quality measured (time-to-triage, owner assignment rate). SLA compliance measured and reported. Prioritisation incorporates threat intelligence. Registry restrictions enforced through controls. Comprehensive dependency risk scoring integrates CVEs, licence, maintainer health, project viability. Automated alerts for high-risk dependencies. Dependency health tracked with governance reporting.
A12: Deployed Assets Vulnerability Management & Remediation | B12: Reactive | C12: Is vulnerability remediation tracked with metrics and dashboards, with controlled patch management, incidents linked to root causes, and unresolved risks formally recorded? | D12: Not Started [0] | F12: This question assesses whether: (1) remediation metrics are tracked (open count, age, closure rate, SLA breaches); (2) a consolidated dashboard aggregates findings from all security tools; (3) a formal patch management process covers OS, dependencies, containers, and infrastructure with schedules, emergency procedures, testing, and rollback plans; (4) security incidents are analysed for root cause and linked to control improvements; and (5) unresolved vulnerabilities are recorded in a risk register with mitigation plans and stakeholder communication where required. | G12: Metrics: vuln age (p95), closure rate, SLA compliance, MTTR. Consolidated dashboard aggregating all security tool findings. Patch schedules, emergency fix processes, rollback plans. Dependency/container/platform patch currency tracked. RCA documents linking incidents to control gaps. Risk register with mitigation plans. Evidence: dashboards, reports, patch schedules, incident RCAs, risk register. | H12: No metrics tracked. No visibility into volume, age, or trend. Multiple siloed tools with no unified view. No formal patch management — patches applied ad hoc or not at all. Components significantly behind current secure versions. Emergency patch procedures undefined. Incidents resolved without root cause analysis. Unresolved vulnerabilities not recorded as risk. | I12: Some metrics captured but tracking inconsistent or manual. Dashboards exist for some tools but siloed. Patch schedule exists but not consistently followed. Some components patched regularly, others neglected. Emergency patch procedures informal. Testing before production not standardised. Some incidents have RCA but inconsistent. Some risks recorded but not all deferred vulnerabilities captured. | J12: Key metrics tracked consistently: open count, closure rate, age, overdue count. Consolidated dashboard aggregates all security tools, visible to team leads, reviewed regularly. Formal patch management documented: regular schedules, emergency procedures with clear ownership, pre-production testing, documented rollback capability. All significant incidents have documented RCA linked to control improvements. Unresolved vulnerabilities recorded in risk register with owners and review dates. | K12: Comprehensive metrics with trend data, SLA compliance, risk scoring. Dashboard feeds governance reporting with anomaly-triggered escalation. Patch currency measured across all components (OS, middleware, dependencies, containers). Patch compliance rates tracked. Emergency patch SLAs defined and measured. RCA findings systematically feed control improvements. Risk register integrated into enterprise risk reporting. Risk acceptance reviewed at governance level.
A13: Identity, Access & Secrets Management | B13: Preventative | C13: Are RBAC/ABAC models implemented with MFA enforced for privileged and sensitive access? | D13: Embedded & Measured [3] | F13: This question assesses whether a formal authorisation model (RBAC or ABAC) is implemented for applications and infrastructure — with roles designed around least privilege, permissions documented, and access periodically reviewed/recertified — AND whether MFA is enforced for all privileged access (admin accounts, production systems, sensitive data, CI/CD pipelines, cloud consoles). | G13: Documented role/permission matrix, ABAC policies, access review/recertification records, IdP role configuration, segregation-of-duties matrix; MFA enabled for admin access, production systems, sensitive data, CI/CD pipelines. Evidence: IdP config, MFA audit logs. | H13: No formal authorisation model. Permissions granted individually and ad hoc. No role matrix or access reviews. MFA is not enforced for any access. Passwords alone protect privileged accounts. | I13: Some roles defined but not comprehensive. Permissions may still be granted outside the model. Access reviews happen occasionally. MFA is enabled for some privileged access but coverage is incomplete. Some admin accounts or systems lack MFA. | J13: RBAC/ABAC model is implemented, documented, and consistently applied. Access reviews/recertification occur on a defined schedule. Segregation of duties is enforced for sensitive functions. MFA is enforced for all privileged access. Non-MFA privileged access is not permitted. | K13: Access control effectiveness is measured: orphaned accounts, privilege creep, access anomalies are tracked. Reviews are automated where possible. MFA coverage and bypass rates are monitored. Phishing-resistant MFA (hardware keys, passkeys) is deployed for highest-risk access.
... A19: Governance & Culture | B19: Proactive | C19: Is security embedded in operational governance, with recognition for security contributions and regular team-wide communication? | D19: Partially Implemented [1] | F19: This question assesses whether security is embedded in operational governance (standing agenda in ops reviews, post-incident reviews, sprint retros), whether proactive security contributions are recognised and rewarded (creating positive incentives), and whether security topics are regularly communicated through townhalls, shared forums, or community channels to maintain awareness and engagement. | G19: Security as standing agenda in ops reviews, post-incident reviews, sprint retrospectives; Recognition notes, awards, shout-outs for security work; Townhall security updates, Q&A logs, shared community channels, security newsletters. Evidence: meeting agendas, recognition records, communication artifacts. | H19: Security is not part of operational governance discussions. No recognition for security contributions — security work is invisible or seen as a burden. No townhalls, forums, or communication channels for security topics. | I19: Security occasionally discussed in governance forums but not a standing agenda. Some informal recognition occurs but is inconsistent. Security communication happens sporadically. No structured approach to embedding security culture. | J19: Security is a standing agenda item in operational governance. Recognition for security contributions is systematic and visible. Regular security communication occurs through townhalls or shared channels. Teams have access to security support and knowledge resources. | K19: Security culture is actively measured (surveys, engagement metrics). Recognition is integrated into performance and career frameworks. Communication is bidirectional — team feedback shapes security priorities. Security champions are empowered and visible. Culture metrics are improving.

Sheet Summary Dashboard
A1: Application Security Maturity Dashboard
A2: Security Assessment Framework - Maturity Summary
A4: OVERALL MATURITY SCORE
A5: Average Score [0 - Not Started, 3 - Embedded & Measured] | B5: {=IFERROR(SUMPRODUCT((ISERROR(FIND("Not Applicable",ApplicationSecurityv1!D2:D19)))*(ISNUMBER(FIND("[",ApplicationSecurityv1!D2:D19)))*(VALUE(MID(ApplicationSecurityv1!D2:D19,FIND("[",ApplicationSecurityv1!D2:D19&"[")+1,1))))/SUMPRODUCT((ISERROR(FIND("Not Applicable",ApplicationSecurityv1!D2:D19)))*(ISNUMBER(FIND("[",ApplicationSecurityv1!D2:D19)))*1),"-")} -> -
A6: Maturity Percentage | B6: =IFERROR(B5/3*100,0) -> 0 | C6: {=SUMPRODUCT((ISERROR(FIND("Not Applicable",ApplicationSecurityv1!D2:D19)))*(ISNUMBER(FIND("[",ApplicationSecurityv1!D2:D19)))*1)} -> 16 | D6: 18
A7: Status | B7: =IF(ISERROR(B5),"No Data",IF(B6<25,"Critically Concerning",IF(B6<50,"Needs Improvement",IF(B6<75,"Progressing",IF(B6<90,"Good","Excellent"))))) -> Critically Concerning | C7: Not Scored: | D7: =D6-C6 -> 2
A9: MATURITY BY SECURITY DOMAIN
A10: Domain | B10: Avg Score | C10: Maturity % | D10: Status | E10: Progress Bar | H10: Maturity %
A11: Security Requirements, Architecture & Design | B11: {=IFERROR(SUMPRODUCT((ISERROR(FIND("Not Applicable",ApplicationSecurityv1!D2:D4)))*(ISNUMBER(FIND("[",ApplicationSecurityv1!D2:D4)))*(VALUE(MID(ApplicationSecurityv1!D2:D4,FIND("[",ApplicationSecurityv1!D2:D4&"[")+1,1))))/SUMPRODUCT((ISERROR(FIND("Not Applicable",ApplicationSecurityv1!D2:D4)))*(ISNUMBER(FIND("[",ApplicationSecurityv1!D2:D4)))*1),"-")} -> - | C11: =IFERROR(B11/3*100,0) -> 0 | D11: =IF(ISERROR(B11),"No Data",IF(C11<25,"Critically Concerning",IF(C11<50,"Needs Improvement",IF(C11<75,"Progressing",IF(C11<90,"Good","Excellent"))))) -> Critically Concerning | E11: =IFERROR(REPT("█",ROUND(C11/10,0))&REPT("░",10-ROUND(C11/10,0)),REPT("░",10)) -> ░░░░░░░░░░ | H11: =C11 -> 0
A12: Secure Development & Coding Practices | B12: {=IFERROR(SUMPRODUCT((ISERROR(FIND("Not Applicable",ApplicationSecurityv1!D5:D7)))*(ISNUMBER(FIND("[",ApplicationSecurityv1!D5:D7)))*(VALUE(MID(ApplicationSecurityv1!D5:D7,FIND("[",ApplicationSecurityv1!D5:D7&"[")+1,1))))/SUMPRODUCT((ISERROR(FIND("Not Applicable",ApplicationSecurityv1!D5:D7)))*(ISNUMBER(FIND("[",ApplicationSecurityv1!D5:D7)))*1),"-")} -> 1.3333333 | C12: =IFERROR(B12/3*100,0) -> 44.444444 | D12: =IF(ISERROR(B12),"No Data",IF(C12<25,"Critically Concerning",IF(C12<50,"Needs Improvement",IF(C12<75,"Progressing",IF(C12<90,"Good","Excellent"))))) -> Needs Improvement | E12: =IFERROR(REPT("█",ROUND(C12/10,0))&REPT("░",10-ROUND(C12/10,0)),REPT("░",10)) -> ████░░░░░░ | H12: =C12 -> 44.444444
A13: Security Testing, CI/CD Pipeline & Vulnerability Detection | B13: {=IFERROR(SUMPRODUCT((ISERROR(FIND("Not Applicable",ApplicationSecurityv1!D8:D10)))*(ISNUMBER(FIND("[",ApplicationSecurityv1!D8:D10)))*(VALUE(MID(ApplicationSecurityv1!D8:D10,FIND("[",ApplicationSecurityv1!D8:D10&"[")+1,1))))/SUMPRODUCT((ISERROR(FIND("Not Applicable",ApplicationSecurityv1!D8:D10)))*(ISNUMBER(FIND("[",ApplicationSecurityv1!D8:D10)))*1),"-")} -> 2 | C13: =IFERROR(B13/3*100,0) -> 66.666667 | D13: =IF(ISERROR(B13),"No Data",IF(C13<25,"Critically Concerning",IF(C13<50,"Needs Improvement",IF(C13<75,"Progressing",IF(C13<90,"Good","Excellent"))))) -> Progressing | E13: =IFERROR(REPT("█",ROUND(C13/10,0))&REPT("░",10-ROUND(C13/10,0)),REPT("░",10)) -> ███████░░░ | H13: =C13 -> 66.666667
A14: Deployed Assets Vulnerability Management & Remediation | B14: {=IFERROR(SUMPRODUCT((ISERROR(FIND("Not Applicable",ApplicationSecurityv1!D11:D12)))*(ISNUMBER(FIND("[",ApplicationSecurityv1!D11:D12)))*(VALUE(MID(ApplicationSecurityv1!D11:D12,FIND("[",ApplicationSecurityv1!D11:D12&"[")+1,1))))/SUMPRODUCT((ISERROR(FIND("Not Applicable",ApplicationSecurityv1!D11:D12)))*(ISNUMBER(FIND("[",ApplicationSecurityv1!D11:D12)))*1),"-")} -> 1 | C14: =IFERROR(B14/3*100,0) -> 33.333333 | D14: =IF(ISERROR(B14),"No Data",IF(C14<25,"Critically Concerning",IF(C14<50,"Needs Improvement",IF(C14<75,"Progressing",IF(C14<90,"Good","Excellent"))))) -> Needs Improvement | E14: =IFERROR(REPT("█",ROUND(C14/10,0))&REPT("░",10-ROUND(C14/10,0)),REPT("░",10)) -> ███░░░░░░░ | H14: =C14 -> 33.333333
A15: Identity, Access & Secrets Management | B15: {=IFERROR(SUMPRODUCT((ISERROR(FIND("Not Applicable",ApplicationSecurityv1!D13:D14)))*(ISNUMBER(FIND("[",ApplicationSecurityv1!D13:D14)))*(VALUE(MID(ApplicationSecurityv1!D13:D14,FIND("[",ApplicationSecurityv1!D13:D14&"[")+1,1))))/SUMPRODUCT((ISERROR(FIND("Not Applicable",ApplicationSecurityv1!D13:D14)))*(ISNUMBER(FIND("[",ApplicationSecurityv1!D13:D14)))*1),"-")} -> 3 | C15: =IFERROR(B15/3*100,0) -> 100 | D15: =IF(ISERROR(B15),"No Data",IF(C15<25,"Critically Concerning",IF(C15<50,"Needs Improvement",IF(C15<75,"Progressing",IF(C15<90,"Good","Excellent"))))) -> Excellent | E15: =IFERROR(REPT("█",ROUND(C15/10,0))&REPT("░",10-ROUND(C15/10,0)),REPT("░",10)) -> ██████████ | H15: =C15 -> 100
A16: Data Security & Privacy | B16: {=IFERROR(SUMPRODUCT((ISERROR(FIND("Not Applicable",ApplicationSecurityv1!D15:D16)))*(ISNUMBER(FIND("[",ApplicationSecurityv1!D15:D16)))*(VALUE(MID(ApplicationSecurityv1!D15:D16,FIND("[",ApplicationSecurityv1!D15:D16&"[")+1,1))))/SUMPRODUCT((ISERROR(FIND("Not Applicable",ApplicationSecurityv1!D15:D16)))*(ISNUMBER(FIND("[",ApplicationSecurityv1!D15:D16)))*1),"-")} -> 3 | C16: =IFERROR(B16/3*100,0) -> 100 | D16: =IF(ISERROR(B16),"No Data",IF(C16<25,"Critically Concerning",IF(C16<50,"Needs Improvement",IF(C16<75,"Progressing",IF(C16<90,"Good","Excellent"))))) -> Excellent | E16: =IFERROR(REPT("█",ROUND(C16/10,0))&REPT("░",10-ROUND(C16/10,0)),REPT("░",10)) -> ██████████ | H16: =C16 -> 100
A17: Third-Party & Vendor Security | B17: =IFERROR(IF(ISNUMBER(FIND("Not Applicable",ApplicationSecurityv1!D17)),"-",VALUE(MID(ApplicationSecurityv1!D17,FIND("[",ApplicationSecurityv1!D17)+1,1))),"-") -> - | C17: =IFERROR(B17/3*100,0) -> 0 | D17: =IF(ISERROR(B17),"No Data",IF(C17<25,"Critically Concerning",IF(C17<50,"Needs Improvement",IF(C17<75,"Progressing",IF(C17<90,"Good","Excellent"))))) -> Critically Concerning | E17: =IFERROR(REPT("█",ROUND(C17/10,0))&REPT("░",10-ROUND(C17/10,0)),REPT("░",10)) -> ░░░░░░░░░░ | H17: =C17 -> 0
A18: People, Training | B18: =IFERROR(IF(ISNUMBER(FIND("Not Applicable",ApplicationSecurityv1!D18)),"-",VALUE(MID(ApplicationSecurityv1!D18,FIND("[",ApplicationSecurityv1!D18)+1,1))),"-") -> 3 | C18: =IFERROR(B18/3*100,0) -> 100 | D18: =IF(ISERROR(B18),"No Data",IF(C18<25,"Critically Concerning",IF(C18<50,"Needs Improvement",IF(C18<75,"Progressing",IF(C18<90,"Good","Excellent"))))) -> Excellent | E18: =IFERROR(REPT("█",ROUND(C18/10,0))&REPT("░",10-ROUND(C18/10,0)),REPT("░",10)) -> ██████████ | H18: =C18 -> 100
A19: Governance & Culture | B19: =IFERROR(IF(ISNUMBER(FIND("Not Applicable",ApplicationSecurityv1!D19)),"-",VALUE(MID(ApplicationSecurityv1!D19,FIND("[",ApplicationSecurityv1!D19)+1,1))),"-") -> 1 | C19: =IFERROR(B19/3*100,0) -> 33.333333 | D19: =IF(ISERROR(B19),"No Data",IF(C19<25,"Critically Concerning",IF(C19<50,"Needs Improvement",IF(C19<75,"Progressing",IF(C19<90,"Good","Excellent"))))) -> Needs Improvement | E19: =IFERROR(REPT("█",ROUND(C19/10,0))&REPT("░",10-ROUND(C19/10,0)),REPT("░",10)) -> ███░░░░░░░ | H19: =C19 -> 33.333333
A23: STATUS THRESHOLD DEFINITIONS
A24: Status | B24: Threshold | C24: Description | D24: Action Required
A25: Critically Concerning | B25: < 25% | C25: Significant security gaps exist across the domain | D25: Immediate remediation required - escalate to leadership
A26: Needs Improvement | B26: 25% - 49% | C26: Basic controls may exist but are inconsistent | D26: Prioritize improvements in current planning cycle
A27: Progressing | B27: 50% - 74% | C27: Controls are in place but not fully embedded | D27: Continue maturation; track progress quarterly
A28: Good | B28: 75% - 89% | C28: Controls are consistently applied and measured | D28: Maintain and optimize; annual review sufficient
A29: Excellent | B29: ≥ 90% | C29: Controls are embedded, automated, and continuously improved | D29: Sustain excellence; share best practices
A31: MATURITY LEVEL DISTRIBUTION | J31: Status | K31: Count
A32: Maturity Level | B32: Score | C32: Count | D32: % of Domains | J32: Critically Concerning | K32: =C33 -> 2
A33: Critically Concerning | B33: < 25% | C33: =COUNTIF(D11:D19,"Critically Concerning") -> 2 | D33: =C33/9*100 -> 22.222222 | J33: Needs Improvement | K33: =C34 -> 3
A34: Needs Improvement | B34: 25-49% | C34: =COUNTIF(D11:D19,"Needs Improvement") -> 3 | D34: =C34/9*100 -> 33.333333 | J34: Progressing | K34: =C35 -> 1
A35: Progressing | B35: 50-74% | C35: =COUNTIF(D11:D19,"Progressing") -> 1 | D35: =C35/9*100 -> 11.111111 | J35: Good | K35: =C36 -> 0
A36: Good | B36: 75-89% | C36: =COUNTIF(D11:D19,"Good") -> 0 | D36: =C36/9*100 -> 0 | J36: Excellent | K36: =C37 -> 3
A37: Excellent | B37: ≥ 90% | C37: =COUNTIF(D11:D19,"Excellent") -> 3 | D37: =C37/9*100 -> 33.333333
A38: No Data | B38: - | C38: =COUNTIF(D11:D19,"No Data") -> 0 | D38: =C38/9*100 -> 0
A40: HOW TO USE THIS DASHBOARD
A41: 1 | B41: Navigate to the 'ApplicationSecurityv1' sheet
A42: 2 | B42: Enter maturity scores (0-3) in Column D for each assessment item
A43: 3 | B43: Scores: 0=Not Started, 1=Partially Implemented, 2=Consistently Implemented, 3=Embedded & Measured
A44: 4 | B44: This dashboard automatically calculates percentages and status for each domain
A45: 5 | B45: Use the threshold definitions to understand what each status level means
A46: 6 | B46: Focus remediation efforts on domains showing 'Critically Concerning' or 'Needs Improvement'

Sheet ApplicationSecurity
A1: Assessment Item | B1: Examples / Evidence (What teams can reference) | C1: Maturity Score | F1: Not started [0]
A2: Are security tools implemented to detect vulnerabilities across code, dependencies, containers, and cloud resources during development? | B2: SAST, SCA, container image scanning, IaC scanning, CSPM integrated with CI/CD. Evidence: tool list, pipeline configs, scan reports. | F2: Partially implemented [1]
A3: Are security scans triggered automatically as part of CI pipelines? | B3: Pipelines run scans on PR, merge, or build. Evidence: pipeline YAML, logs showing scan execution. | F3: Consistently implemented [2]
A4: Are CI/CD security gates enforced to prevent code promotion on critical and high findings? | B4: Builds fail on severity thresholds. Evidence: failed pipeline runs, gate criteria. | F4: Embedded & measured [3]
A5: Are pipeline security findings clearly actionable for developers? | B5: Tool feedback links to fix guidance, code locations, or AI‑assisted remediation.
A6: Are vulnerabilities assessed post‑discovery, triaged and owned by development teams? | B6: Tickets created with owner, severity, SLA. Evidence: backlog.
A7: Are remediation priorities driven by severity and exploitability? | B7: Defined severity → SLA mapping. Evidence: policy, working examples.
A8: Is vulnerability remediation progress tracked with metrics? | B8: Metrics such as vuln age (p95), closure rate, trend by sprint/release.
A9: Is security scanning embedded early (IDE / pre‑commit / PR stage)? | B9: IDE plugins, pre‑commit hooks, PR checks enabled.
A10: Automation (e.g., Copilot or equivalent) is used to assist with security fixes. | B10: AI‑generated fix suggestions, PRs with assisted remediation.
A11: Are security issues fixed before merge or release? | B11: PRs show fixes prior to approval; no deferred critical issues.
A12: Are secure coding practices formally defined and adopted? | B12: Secure coding standards, OWASP mapping, references in DoD.
A13: Does Code reviews explicitly include security considerations. | B13: PR templates include security questions or checks.
A14: Is threat modelling performed for significant design or feature changes? | B14: Threat models, diagrams, or security review notes attached to designs.
A15: Are security NFRs defined and tracked in development artefacts? | B15: Security NFRs in stories, DoD, design docs.
A16: Are Security reviews mandated at the design stage. | B16: Design review checklist includes security sign‑off.
... A30: Are Security topics discussed via townhalls or shared forums. | B30: Townhall decks, Q&A logs, shared community channels.
